geometry,n,mean_r,win_rate,total_r,boot_p
A ride-3R,3730,-0.006640763053390958,0.335656836461126,-24.770046189148275,0.611
B bank-half/BE (live),3730,-0.05492263438019266,0.4836461126005362,-204.8614262381186,0.9996
C partial no-BE,3730,-0.04178481659179462,0.35978552278820375,-155.85736588739394,0.9888
