{
  "regime_tf": {
    "w2018": {
      "label": "2016-cycle analog (2018 chop)",
      "regime": "cycle-analog",
      "tf": {
        "5m": {
          "maker": {
            "n": 5468,
            "win": 0.34345281638624725,
            "exp": -0.03634285592408897,
            "total": -198.7227361929185,
            "pf": 0.9451913867808821,
            "maxdd": -251.33514827417406,
            "boot_p": 0.9644
          },
          "taker": {
            "n": 5468,
            "win": 0.32937088514996343,
            "exp": -0.1567019439579329,
            "total": -856.8462295619772,
            "pf": 0.789634232088217,
            "maxdd": -869.0486097497895
          }
        },
        "15m": {
          "maker": {
            "n": 1808,
            "win": 0.3639380530973451,
            "exp": 0.04317337755856526,
            "total": 78.057466625886,
            "pf": 1.0695070318550142,
            "maxdd": -55.25086961201263,
            "boot_p": 0.1092
          },
          "taker": {
            "n": 1808,
            "win": 0.353429203539823,
            "exp": -0.027017048319802207,
            "total": -48.84682336220239,
            "pf": 0.9595093660862453,
            "maxdd": -120.43632365857287
          }
        },
        "1h": {
          "maker": {
            "n": 450,
            "win": 0.37333333333333335,
            "exp": 0.12123953521194739,
            "total": 54.557790845376324,
            "pf": 1.20104953097596,
            "maxdd": -27.417049825908705,
            "boot_p": 0.0542
          },
          "taker": {
            "n": 450,
            "win": 0.36666666666666664,
            "exp": 0.08518396945305913,
            "total": 38.332786253876606,
            "pf": 1.1361122332689122,
            "maxdd": -30.354809577926794
          }
        }
      }
    },
    "w2022": {
      "label": "2020-cycle analog (2022 chop)",
      "regime": "cycle-analog",
      "tf": {
        "5m": {
          "maker": {
            "n": 11377,
            "win": 0.33488617385954117,
            "exp": -0.0031321188497834495,
            "total": -35.634116153986305,
            "pf": 0.9953618747568077,
            "maxdd": -313.6131641948415,
            "boot_p": 0.5802
          },
          "taker": {
            "n": 11377,
            "win": 0.3263602004043245,
            "exp": -0.09776819040626243,
            "total": -1112.3087022520476,
            "pf": 0.8677286864695569,
            "maxdd": -1112.9349935910088
          }
        },
        "15m": {
          "maker": {
            "n": 3767,
            "win": 0.3488186886116273,
            "exp": 0.027597021326119398,
            "total": 103.95797933549177,
            "pf": 1.0431049081829726,
            "maxdd": -78.91879299461709,
            "boot_p": 0.1332
          },
          "taker": {
            "n": 3767,
            "win": 0.3443058136448102,
            "exp": -0.024277031669957896,
            "total": -91.4515783007314,
            "pf": 0.9639975875063206,
            "maxdd": -167.25850914099686
          }
        },
        "1h": {
          "maker": {
            "n": 951,
            "win": 0.34069400630914826,
            "exp": 0.04337906058773168,
            "total": 41.253486618932826,
            "pf": 1.0680182083827332,
            "maxdd": -39.528760496642164,
            "boot_p": 0.1982
          },
          "taker": {
            "n": 951,
            "win": 0.33964248159831756,
            "exp": 0.01859844269368956,
            "total": 17.687119001698772,
            "pf": 1.0284163827463646,
            "maxdd": -47.19515572307706
          }
        }
      }
    },
    "recent": {
      "label": "Recent span",
      "regime": "recent",
      "tf": {
        "5m": {
          "maker": {
            "n": 80572,
            "win": 0.3334036638038028,
            "exp": -0.05318225801336364,
            "total": -4285.000892652735,
            "pf": 0.9252637888491095,
            "maxdd": -4295.79976530348,
            "boot_p": 1.0
          },
          "taker": {
            "n": 80572,
            "win": 0.32186119247381223,
            "exp": -0.20318882022035878,
            "total": -16371.329622794749,
            "pf": 0.7507053203077101,
            "maxdd": -16369.873577773731
          }
        },
        "15m": {
          "maker": {
            "n": 26210,
            "win": 0.35097291110263257,
            "exp": 0.03819305345781381,
            "total": 1001.0399311292999,
            "pf": 1.0585160537623846,
            "maxdd": -149.45490815168247,
            "boot_p": 0.0002
          },
          "taker": {
            "n": 26210,
            "win": 0.34456314383822967,
            "exp": -0.04185220948962598,
            "total": -1096.946410723097,
            "pf": 0.9407094974145527,
            "maxdd": -1115.5452456775874
          }
        },
        "1h": {
          "maker": {
            "n": 6723,
            "win": 0.3575784619961327,
            "exp": 0.10154627147964462,
            "total": 682.6955831576508,
            "pf": 1.1614657918602096,
            "maxdd": -46.56749410849352,
            "boot_p": 0.0
          },
          "taker": {
            "n": 6723,
            "win": 0.35623977391045664,
            "exp": 0.06431062077823815,
            "total": 432.3603034920951,
            "pf": 1.0985010612854191,
            "maxdd": -57.81899626935433
          }
        }
      }
    }
  },
  "band_1h": {
    "ALL": {
      "50": {
        "n": 7171,
        "win": 0.3610375122019244,
        "exp": 0.10313892022393871,
        "total": 739.6091969258645,
        "pf": 1.1648709053419115,
        "maxdd": -53.138849101362894
      },
      "60": {
        "n": 5439,
        "win": 0.33443647729362014,
        "exp": 0.03848203020367939,
        "total": 209.3037622778122,
        "pf": 1.0591162817583513,
        "maxdd": -70.42099045217836
      },
      "70": {
        "n": 1304,
        "win": 0.31671779141104295,
        "exp": 0.0024846222126862346,
        "total": 3.23994736534285,
        "pf": 1.0036196839226814,
        "maxdd": -37.233720606479594
      },
      "80+": {
        "n": 315,
        "win": 0.33650793650793653,
        "exp": 0.04260255897997778,
        "total": 13.419806078693,
        "pf": 1.0641685322593069,
        "maxdd": -21.710425372088256
      }
    },
    "w2018": {
      "50": {
        "n": 399,
        "win": 0.37092731829573933,
        "exp": 0.09821999008258285,
        "total": 39.189776042950555,
        "pf": 1.1644571441537566,
        "maxdd": -35.05971077037554
      },
      "60": {
        "n": 298,
        "win": 0.348993288590604,
        "exp": 0.07771803485851148,
        "total": 23.15997438783642,
        "pf": 1.126256401080571,
        "maxdd": -31.748131181040613
      },
      "70": {
        "n": 56,
        "win": 0.26785714285714285,
        "exp": -0.19784007946726917,
        "total": -11.079044450167073,
        "pf": 0.711579397597531,
        "maxdd": -13.560547955082196
      },
      "80+": {
        "n": 10,
        "win": 0.1,
        "exp": -0.8869905386877864,
        "total": -8.869905386877864,
        "pf": 0.043026383795089766,
        "maxdd": -7.829463495859231
      }
    },
    "w2022": {
      "50": {
        "n": 853,
        "win": 0.3528722157092614,
        "exp": 0.0726771058874937,
        "total": 61.99357132203212,
        "pf": 1.1156903269936513,
        "maxdd": -29.800784399808666
      },
      "60": {
        "n": 660,
        "win": 0.3181818181818182,
        "exp": -0.01581943530561136,
        "total": -10.440827301703496,
        "pf": 0.9759820465332096,
        "maxdd": -40.9122087837011
      },
      "70": {
        "n": 136,
        "win": 0.27941176470588236,
        "exp": -0.168294911476347,
        "total": -22.888107960783195,
        "pf": 0.7663696969413839,
        "maxdd": -35.02475215705458
      },
      "80+": {
        "n": 31,